{
  "val_r2": 0.7412069995766285,
  "val_mae": 1591225852.6154838,
  "val_rmse": 3956968244.707225,
  "test_r2": 0.7481144122705088,
  "test_mae": 1567599087.676199,
  "test_rmse": 3911685581.632796
}